{
  "__type__": "cc.SpriteAtlas",
  "_name": "fish_move1.plist",
  "_objFlags": 0,
  "_native": "",
  "_spriteFrames": {
    "fishMove_001_1": {
      "__uuid__": "aaa2abf9-4b93-49e7-8c04-7e6209844d28"
    },
    "fishMove_001_2": {
      "__uuid__": "2aedd03c-7cfd-4c7b-a0ad-b459384fb900"
    },
    "fishMove_001_3": {
      "__uuid__": "33e3bdcf-61b5-4963-bc01-be8decb97036"
    },
    "fishMove_001_4": {
      "__uuid__": "b0515d0e-9080-424f-8172-25df998ed86b"
    },
    "fishMove_001_5": {
      "__uuid__": "43785bed-829a-4d68-8ff7-e6c2935da222"
    },
    "fishMove_001_6": {
      "__uuid__": "37f16b59-38fb-421c-8364-b45f4d8672d3"
    },
    "fishMove_002_1": {
      "__uuid__": "8a5bb663-5612-4e27-9f4c-08e601d2dc28"
    },
    "fishMove_002_2": {
      "__uuid__": "1bd9892a-aa13-4110-9f7f-6e86f82b2f70"
    },
    "fishMove_002_3": {
      "__uuid__": "7ee46006-646c-4f95-99bb-21089ae71ff6"
    },
    "fishMove_002_4": {
      "__uuid__": "3f40165e-71e6-40ab-b041-16d3c32435e7"
    },
    "fishMove_002_5": {
      "__uuid__": "909f8d8a-63c8-406e-a1c7-92f83877a747"
    },
    "fishMove_002_6": {
      "__uuid__": "1d80a3e5-ea75-4f32-bde8-6704a6d9da53"
    },
    "fishMove_002_7": {
      "__uuid__": "1e554862-9f35-473e-aece-b7fa64ac86e1"
    },
    "fishMove_002_8": {
      "__uuid__": "f5eaa252-956d-4e40-ad1c-4f4b12c5e02e"
    },
    "fishMove_003_1": {
      "__uuid__": "1411634f-a6b2-422c-9d70-b0deda439afa"
    },
    "fishMove_003_10": {
      "__uuid__": "ad7f261a-481d-465f-b5df-f7d77c164d4e"
    },
    "fishMove_003_11": {
      "__uuid__": "822f9d37-268e-46b1-a7e2-51596f05108a"
    },
    "fishMove_003_12": {
      "__uuid__": "1a579148-6c9c-4807-bb41-2a398fd77a36"
    },
    "fishMove_003_2": {
      "__uuid__": "4422d977-2f72-4c49-9ee1-d068a1f27541"
    },
    "fishMove_003_3": {
      "__uuid__": "a76e262c-7986-4316-ad3f-b07f79d4db27"
    },
    "fishMove_003_4": {
      "__uuid__": "98255114-ab77-46c5-8b7a-cb6755164603"
    },
    "fishMove_003_5": {
      "__uuid__": "46a6a592-5413-4c4e-8db5-4238c86bb2db"
    },
    "fishMove_003_6": {
      "__uuid__": "e165da32-b366-415b-8495-51a947c8e96c"
    },
    "fishMove_003_7": {
      "__uuid__": "3bdf9636-d55b-4e15-bc15-87ae6b7e9046"
    },
    "fishMove_003_8": {
      "__uuid__": "6007fe8d-03a5-43cc-baf6-fc7d4099a840"
    },
    "fishMove_003_9": {
      "__uuid__": "a97e4618-de51-450d-ac8b-f570fd676173"
    },
    "fishMove_004_1": {
      "__uuid__": "20848ca5-6577-4289-bb8d-63daf84e3c0b"
    },
    "fishMove_004_10": {
      "__uuid__": "85c5742d-5784-4046-abd2-cb874382208b"
    },
    "fishMove_004_11": {
      "__uuid__": "c6e56cba-60c4-4953-8f96-64293fb18bb0"
    },
    "fishMove_004_12": {
      "__uuid__": "1564993a-d341-4da7-83a6-62d42c9ac7a7"
    },
    "fishMove_004_2": {
      "__uuid__": "fcf30de3-0423-4c89-add4-31f4cfbbcdb4"
    },
    "fishMove_004_3": {
      "__uuid__": "5158306c-e466-4612-af5e-a1776d2c7699"
    },
    "fishMove_004_4": {
      "__uuid__": "e65c624a-6e04-4fd8-b750-3d6b69d7f103"
    },
    "fishMove_004_5": {
      "__uuid__": "46578908-b9d6-4070-94d4-05bb605931b6"
    },
    "fishMove_004_6": {
      "__uuid__": "f2ee0a1c-b115-4fc4-9617-6df22d1e2432"
    },
    "fishMove_004_7": {
      "__uuid__": "868896d5-b115-4697-897a-c24cea069274"
    },
    "fishMove_004_8": {
      "__uuid__": "0215b5b5-8d7d-4975-929a-4266ff99787f"
    },
    "fishMove_004_9": {
      "__uuid__": "3c95ec1f-9492-440c-8052-c20cb1ebf4aa"
    },
    "fishMove_005_1": {
      "__uuid__": "19757080-549b-48d0-b577-aaf38036a93e"
    },
    "fishMove_005_10": {
      "__uuid__": "fcefd481-2097-4192-9d3c-d1ecb7c4898c"
    },
    "fishMove_005_11": {
      "__uuid__": "baddb36e-a601-430a-843b-7d49c92ace06"
    },
    "fishMove_005_12": {
      "__uuid__": "e46f4107-0649-449c-82cd-4cb179f188cc"
    },
    "fishMove_005_2": {
      "__uuid__": "220b1bbb-4b9f-4347-80d3-f6bc6006de3e"
    },
    "fishMove_005_3": {
      "__uuid__": "208d3134-532d-40bb-abc0-ac7bde6aa522"
    },
    "fishMove_005_4": {
      "__uuid__": "046bba2d-a4cc-4905-b758-b7bbce943fc2"
    },
    "fishMove_005_5": {
      "__uuid__": "796d5f24-3b06-4dcc-957a-bf4b43701374"
    },
    "fishMove_005_6": {
      "__uuid__": "39212956-461b-433d-b8d0-e6f1c8cdf2b1"
    },
    "fishMove_005_7": {
      "__uuid__": "fd0ff614-0876-47e5-8496-f874ebb152d4"
    },
    "fishMove_005_8": {
      "__uuid__": "5dd71137-58e5-490f-9403-9ef6b7d49492"
    },
    "fishMove_005_9": {
      "__uuid__": "7c70e597-5609-4592-85c3-328ba9840b46"
    },
    "fishMove_006_1": {
      "__uuid__": "1e93e22a-6554-4559-89b2-1864c65f5807"
    },
    "fishMove_006_10": {
      "__uuid__": "cb57355b-5841-420f-9b7c-d0e162d852ac"
    },
    "fishMove_006_11": {
      "__uuid__": "94d1d0db-bd19-4ed6-a367-f546e405da75"
    },
    "fishMove_006_12": {
      "__uuid__": "8b27930a-663a-4147-b284-1c9beaedb1dc"
    },
    "fishMove_006_13": {
      "__uuid__": "a2a2a41a-4d00-4c22-bffe-274cbccfcf13"
    },
    "fishMove_006_2": {
      "__uuid__": "900b55eb-9250-4e4d-b9a4-126d572cf7e0"
    },
    "fishMove_006_3": {
      "__uuid__": "c848062f-c66a-4744-a9ba-dd24d625afbe"
    },
    "fishMove_006_4": {
      "__uuid__": "5ddf7fb8-dc5b-4bce-b11c-048e81302dc9"
    },
    "fishMove_006_5": {
      "__uuid__": "480b3964-b2ac-4812-a819-76011838b411"
    },
    "fishMove_006_6": {
      "__uuid__": "1c60d7c5-332b-474e-9d56-7cd033cbe8af"
    },
    "fishMove_006_7": {
      "__uuid__": "c2bbbedb-7a57-4fed-9f51-9a860ee583db"
    },
    "fishMove_006_8": {
      "__uuid__": "41c645bc-a3ac-4231-9109-e3947d36934e"
    },
    "fishMove_006_9": {
      "__uuid__": "06532ea2-9653-4a84-9cb2-e56ff6e450a4"
    },
    "fishMove_007_1": {
      "__uuid__": "2ed97f74-df8d-4968-a423-77d90e2aed62"
    },
    "fishMove_007_10": {
      "__uuid__": "36baae47-0ad7-41c9-89ad-a07ef61818f3"
    },
    "fishMove_007_11": {
      "__uuid__": "a5d774b7-b165-4105-ba45-c060ca394054"
    },
    "fishMove_007_12": {
      "__uuid__": "8204bb23-f99f-4c02-bccb-b156ed0fd541"
    },
    "fishMove_007_2": {
      "__uuid__": "3ece00fa-7bd9-4105-a03f-6b57e321032d"
    },
    "fishMove_007_3": {
      "__uuid__": "30b7410e-d066-43a9-b2df-5526495b2762"
    },
    "fishMove_007_4": {
      "__uuid__": "59568d09-bd55-4016-8568-af8fdad07710"
    },
    "fishMove_007_5": {
      "__uuid__": "b28a91fc-48c6-4cbb-b2de-d751fe98efa0"
    },
    "fishMove_007_6": {
      "__uuid__": "d0a85ff3-6e04-4f7b-9def-61b7911a693c"
    },
    "fishMove_007_7": {
      "__uuid__": "bbcf4304-9209-4012-8494-05f9144936e3"
    },
    "fishMove_007_8": {
      "__uuid__": "bde2f702-a70b-4b9f-819f-46b654547937"
    },
    "fishMove_007_9": {
      "__uuid__": "9c3c4fc7-036f-4a02-9b7c-f42d3e625812"
    },
    "fishMove_008_1": {
      "__uuid__": "c070c75f-e4aa-49bf-8d48-a3ad8f0d52d2"
    },
    "fishMove_008_10": {
      "__uuid__": "d3c94774-37ce-45c7-aa75-8edcd3e7f596"
    },
    "fishMove_008_2": {
      "__uuid__": "25800d6d-9595-42bf-8150-70758273f57c"
    },
    "fishMove_008_3": {
      "__uuid__": "39a09a19-e004-4c59-9359-40957c859c48"
    },
    "fishMove_008_4": {
      "__uuid__": "781832b1-330f-4368-b113-6e6057942848"
    },
    "fishMove_008_5": {
      "__uuid__": "83011338-b9ae-46b1-a4e9-1c0a863469c6"
    },
    "fishMove_008_6": {
      "__uuid__": "2aae3a35-432f-4934-b538-0263ca726981"
    },
    "fishMove_008_7": {
      "__uuid__": "ba8efbc2-dc47-44ab-87b7-ce9b2000055c"
    },
    "fishMove_008_8": {
      "__uuid__": "a3a184ce-f564-48b4-bacc-98ab85d69483"
    },
    "fishMove_008_9": {
      "__uuid__": "553e8dd8-ea51-4e44-bd37-6aa8cef21c4c"
    },
    "fishMove_009_1": {
      "__uuid__": "6f23e636-1ddd-4d71-9b2c-ab1de6ef4682"
    },
    "fishMove_009_10": {
      "__uuid__": "02880cf1-35b3-4969-a337-e30370c09f85"
    },
    "fishMove_009_11": {
      "__uuid__": "ee3a214a-e5cc-40a4-949c-313c9acdbdc2"
    },
    "fishMove_009_12": {
      "__uuid__": "c64d6ded-8751-4c89-b513-13f897fa681a"
    },
    "fishMove_009_2": {
      "__uuid__": "852ecc71-1180-45ad-9114-9a784ff589e0"
    },
    "fishMove_009_3": {
      "__uuid__": "fe1a238a-e6b6-4e79-b9cf-cf8a31edbfee"
    },
    "fishMove_009_4": {
      "__uuid__": "73ae52d2-2aa1-4e18-9ca0-8d25b32474e1"
    },
    "fishMove_009_5": {
      "__uuid__": "515a702c-923d-4693-908d-508c6623d48c"
    },
    "fishMove_009_6": {
      "__uuid__": "341818c6-6efc-4a3a-aeeb-767b2bb97cae"
    },
    "fishMove_009_7": {
      "__uuid__": "0aff8688-b4c1-4763-b7cc-de5425f5be6c"
    },
    "fishMove_009_8": {
      "__uuid__": "b56984a1-a88b-4344-963b-e7e6f7191bb0"
    },
    "fishMove_009_9": {
      "__uuid__": "e5d6a1be-4770-47f0-aefa-ad9af2db18e8"
    },
    "fishMove_010_1": {
      "__uuid__": "b28d276d-8916-489a-afdf-e3217f6bd3ad"
    },
    "fishMove_010_2": {
      "__uuid__": "35fd61d5-48f1-4b0f-8f1d-7ca98633e7a6"
    },
    "fishMove_010_3": {
      "__uuid__": "6dcf6651-906b-4815-8b2c-bd370df1421f"
    },
    "fishMove_010_4": {
      "__uuid__": "bf1caa07-0d57-4ad4-a29b-edf62e651dbd"
    },
    "fishMove_010_5": {
      "__uuid__": "34ee0a51-7fb5-4b92-bc46-1adfa2a0e54d"
    },
    "fishMove_010_6": {
      "__uuid__": "c9123e71-e822-479a-8654-eead4f5ed09a"
    },
    "fishMove_010_7": {
      "__uuid__": "9ae4fdf3-6ad8-447c-8e1d-8a552c2f78f0"
    },
    "fishMove_010_8": {
      "__uuid__": "0ee13033-5137-4b82-98c4-a343bfccd7df"
    },
    "fishMove_011_1": {
      "__uuid__": "3013b637-e951-4b97-9704-264e3ea0aea7"
    },
    "fishMove_011_10": {
      "__uuid__": "e74a6ce1-2154-41a8-ae0d-c1007634616f"
    },
    "fishMove_011_11": {
      "__uuid__": "6032930e-984e-4c1e-aceb-49abbb1901e9"
    },
    "fishMove_011_12": {
      "__uuid__": "21e3228b-9ece-4a46-935a-dcfecf8a3169"
    },
    "fishMove_011_2": {
      "__uuid__": "f550edb9-711e-4121-892c-aee3bb1f186f"
    },
    "fishMove_011_3": {
      "__uuid__": "fdf573a3-a0f5-4a58-87be-c3b7c624fb30"
    },
    "fishMove_011_4": {
      "__uuid__": "f9cb7f78-adf0-4868-a894-d8284f60a373"
    },
    "fishMove_011_5": {
      "__uuid__": "455b30e2-f55d-4714-b041-9d8f7e69a6e9"
    },
    "fishMove_011_6": {
      "__uuid__": "c94085db-d8fe-4e8f-b4a2-3c7df01a5d5a"
    },
    "fishMove_011_7": {
      "__uuid__": "2e92d5cf-a983-4927-86df-ff8d05c038a3"
    },
    "fishMove_011_8": {
      "__uuid__": "359c0da8-b8a0-4473-8cd1-e8db1b20d466"
    },
    "fishMove_011_9": {
      "__uuid__": "ffa8f3f6-3213-4f94-a462-7f039c28899d"
    },
    "fishMove_012_1": {
      "__uuid__": "c4843663-a89b-40cf-9ffe-6445c680ddf6"
    },
    "fishMove_012_2": {
      "__uuid__": "f5e923d8-6e93-49c7-a9c1-816d7f3c7814"
    },
    "fishMove_012_3": {
      "__uuid__": "bbe7047a-a65f-495c-a8df-5f8b7ab5196b"
    },
    "fishMove_012_4": {
      "__uuid__": "8272a61f-06b2-4da4-9ccc-0e692486fa59"
    },
    "fishMove_012_5": {
      "__uuid__": "6fe44a62-3ef7-4d8f-bd7f-cd30406ac891"
    },
    "fishMove_012_6": {
      "__uuid__": "eead3fe1-5976-45fc-96f2-40922aaab338"
    },
    "fishMove_013_1": {
      "__uuid__": "7a889308-2ac9-4b27-8591-4524b65ea9f7"
    },
    "fishMove_013_10": {
      "__uuid__": "4609b47c-5140-4f00-b76d-4903229990d8"
    },
    "fishMove_013_11": {
      "__uuid__": "7140387b-abed-442d-9009-327dda655f51"
    },
    "fishMove_013_12": {
      "__uuid__": "8dfc1194-1142-4f6e-a80e-f529f057ff3d"
    },
    "fishMove_013_2": {
      "__uuid__": "c1979dcd-9f4b-4aef-8513-e57d07b10eb9"
    },
    "fishMove_013_3": {
      "__uuid__": "6fb45ac6-7c1a-494a-af3a-16d2e0bd4610"
    },
    "fishMove_013_4": {
      "__uuid__": "aa104533-303c-4289-81b0-52aad65ca3a7"
    },
    "fishMove_013_5": {
      "__uuid__": "3df8d5e0-2864-48a8-a5f5-28a41809d5d7"
    },
    "fishMove_013_6": {
      "__uuid__": "dcf13160-f781-4121-8bc7-192aeb6ecb6b"
    },
    "fishMove_013_7": {
      "__uuid__": "c3418ae7-9e97-43b3-9945-dc86e0509f25"
    },
    "fishMove_013_8": {
      "__uuid__": "70303945-e39c-4eb1-92af-816eb252c575"
    },
    "fishMove_013_9": {
      "__uuid__": "4e7e6685-a822-4287-b941-21e1a962af1c"
    },
    "fishMove_014_1": {
      "__uuid__": "1c0a2ff5-7321-4a95-ba78-c49d4c5f7fa3"
    },
    "fishMove_014_10": {
      "__uuid__": "1534e86d-5772-4d21-9460-fd2f3119fba4"
    },
    "fishMove_014_2": {
      "__uuid__": "2e938c50-c560-4ad6-9108-d87b228c60b1"
    },
    "fishMove_014_3": {
      "__uuid__": "0e0ee9e1-1a72-4a34-a5e0-71ca3c7ee44f"
    },
    "fishMove_014_4": {
      "__uuid__": "fdd7a7d0-589b-4887-81f4-14b016c33a40"
    },
    "fishMove_014_5": {
      "__uuid__": "71c2a954-72a8-4001-a7b5-065f6de6ebea"
    },
    "fishMove_014_6": {
      "__uuid__": "9a9aee3e-082a-429d-b694-2566ef27cdcc"
    },
    "fishMove_014_7": {
      "__uuid__": "eab7408f-4fa0-4321-a28b-39ef4ae31739"
    },
    "fishMove_014_8": {
      "__uuid__": "c38159e6-ffaa-47fa-aee1-67ad54331c3c"
    },
    "fishMove_014_9": {
      "__uuid__": "5e2b7884-04ee-4a4b-a20e-8eb5167b18c9"
    },
    "fishMove_015_1": {
      "__uuid__": "0c3b18d9-1e01-4e0a-8563-316ad1c3a342"
    },
    "fishMove_015_10": {
      "__uuid__": "71db98a5-4d34-43ee-a22d-34bd0405ad1f"
    },
    "fishMove_015_11": {
      "__uuid__": "8858e5b7-0016-4d2a-b58d-280c9e6cc84c"
    },
    "fishMove_015_12": {
      "__uuid__": "7bbc6e6c-2455-4f4c-ab62-bd203633c6e1"
    },
    "fishMove_015_2": {
      "__uuid__": "e8c651eb-3276-4c1a-ac88-dde26a5c50d9"
    },
    "fishMove_015_3": {
      "__uuid__": "de65d0b1-6ee7-4a8d-8c5e-91ac1b708b3c"
    },
    "fishMove_015_4": {
      "__uuid__": "9be03476-18d2-465a-8471-51f4ca6a2ba5"
    },
    "fishMove_015_5": {
      "__uuid__": "42de4cdf-4cdc-4b9f-b6e9-66172fe94711"
    },
    "fishMove_015_6": {
      "__uuid__": "08646e56-47e9-49ea-baca-f67c748d5225"
    },
    "fishMove_015_7": {
      "__uuid__": "912f615b-bea4-4b29-ad0f-42803b18ac6f"
    },
    "fishMove_015_8": {
      "__uuid__": "1346fed1-9192-41f4-b654-dfb1e04e5e46"
    },
    "fishMove_015_9": {
      "__uuid__": "581ab931-5d76-418c-9557-8602a56a109b"
    },
    "fishMove_016_1": {
      "__uuid__": "41a74b24-ddcd-4b08-8bd8-0f91ba3e522b"
    },
    "fishMove_016_10": {
      "__uuid__": "d7db7885-f684-4c6d-8347-744aa10fbcd3"
    },
    "fishMove_016_11": {
      "__uuid__": "4ec68617-1091-4ddc-9a19-c21a87462f8f"
    },
    "fishMove_016_12": {
      "__uuid__": "14179e26-5eb5-46eb-8be6-868f8f28e4b7"
    },
    "fishMove_016_2": {
      "__uuid__": "70d01d40-ed3c-4fb0-8aef-53c3bbf93ec6"
    },
    "fishMove_016_3": {
      "__uuid__": "c6b53ce3-062a-4f24-9605-ff0882597918"
    },
    "fishMove_016_4": {
      "__uuid__": "dbf7687b-2d88-42e6-9f9e-7239322a929b"
    },
    "fishMove_016_5": {
      "__uuid__": "20e75a4a-dcac-4ab0-aa19-c9f9fbd431db"
    },
    "fishMove_016_6": {
      "__uuid__": "7d3ac29e-4478-4a5c-b354-953072833d37"
    },
    "fishMove_016_7": {
      "__uuid__": "8fc8fb95-d757-485f-bba7-cbe075e9685c"
    },
    "fishMove_016_8": {
      "__uuid__": "89cd17ae-cb74-43ad-856a-010b667a1d51"
    },
    "fishMove_016_9": {
      "__uuid__": "dc5431ad-03b9-4d8b-abc2-d74f1eb642e8"
    },
    "fishMove_017_1": {
      "__uuid__": "7c4035c9-efe2-4b28-ad4c-e617f263f909"
    },
    "fishMove_017_10": {
      "__uuid__": "942e50bf-26e6-4872-99b3-676b35f2f6f7"
    },
    "fishMove_017_11": {
      "__uuid__": "7db3ebeb-2286-4d2a-bbfa-cbba5c6f2eda"
    },
    "fishMove_017_12": {
      "__uuid__": "f2845026-1580-48dd-9a3e-4672c7fa730b"
    },
    "fishMove_017_2": {
      "__uuid__": "22cfc29a-4c23-4fd2-a25c-1a3df80ebf29"
    },
    "fishMove_017_3": {
      "__uuid__": "673857c7-5234-4711-a60a-cbdcd8cf93f7"
    },
    "fishMove_017_4": {
      "__uuid__": "7b17d0b3-32ae-4239-a3eb-09b92e04ff26"
    },
    "fishMove_017_5": {
      "__uuid__": "1ee31bc7-45be-4870-b3cf-ef716f1ac652"
    },
    "fishMove_017_6": {
      "__uuid__": "eb57bac6-e8bb-4fbf-a520-c4b25fc086d4"
    },
    "fishMove_017_7": {
      "__uuid__": "06fa0015-c30b-4c4d-9b63-9daa792712d3"
    },
    "fishMove_017_8": {
      "__uuid__": "a84af039-44ae-4923-99fa-00a06ce8971b"
    },
    "fishMove_017_9": {
      "__uuid__": "3e9dc1e3-07ef-485d-b71d-08e36acd415c"
    },
    "fishMove_018_1": {
      "__uuid__": "41680b04-7927-4113-84db-39c1e8a14bb8"
    },
    "fishMove_018_10": {
      "__uuid__": "7eb13f50-0847-4e08-a639-fdef60528ef4"
    },
    "fishMove_018_11": {
      "__uuid__": "e38eccba-64c0-4fb7-9306-2421c52f63b3"
    },
    "fishMove_018_12": {
      "__uuid__": "0aa82164-7044-43f2-9c9d-aa8d85322711"
    },
    "fishMove_018_13": {
      "__uuid__": "6c601927-fa27-41c4-994e-5c7045a43641"
    },
    "fishMove_018_14": {
      "__uuid__": "13f0f252-f685-4f17-a622-a0c24504fe53"
    },
    "fishMove_018_15": {
      "__uuid__": "3429f329-04ca-40cf-94c4-f303a6fb4e0e"
    },
    "fishMove_018_16": {
      "__uuid__": "a985eab8-be92-4cb1-92dc-c656ff971e84"
    },
    "fishMove_018_17": {
      "__uuid__": "3daa5317-8531-43f6-859d-d8719ab82da5"
    },
    "fishMove_018_18": {
      "__uuid__": "e5d64ce5-64bc-4c28-8102-6b1bfd60882b"
    },
    "fishMove_018_19": {
      "__uuid__": "abc705c1-3a5d-44be-828a-93e256ba5c97"
    },
    "fishMove_018_2": {
      "__uuid__": "aa66bfd0-2f13-4245-9ca6-78cbd47243c1"
    },
    "fishMove_018_20": {
      "__uuid__": "c1da9053-1dd7-4ac7-9cb0-25b2c91234de"
    },
    "fishMove_018_3": {
      "__uuid__": "dd5ac166-f40d-4c12-a9bc-a7514e8c3d84"
    },
    "fishMove_018_4": {
      "__uuid__": "108d40a3-b782-4d76-a4f3-0dad444aadab"
    },
    "fishMove_018_5": {
      "__uuid__": "186f93d3-c86a-478e-b3ce-076d1fb3758e"
    },
    "fishMove_018_6": {
      "__uuid__": "0534063a-72d9-4deb-b3e4-cb000124f4f1"
    },
    "fishMove_018_7": {
      "__uuid__": "1843087b-d627-4f02-96b3-39ae6117bfe7"
    },
    "fishMove_018_8": {
      "__uuid__": "ba925d4c-b1a8-4eb4-bd82-dc6ac8795a0e"
    },
    "fishMove_018_9": {
      "__uuid__": "7c8b966c-faff-4089-ad5c-bfb59e084c11"
    },
    "fishMove_019_1": {
      "__uuid__": "0d6574ff-4c6a-4e2c-abf4-af3855502978"
    },
    "fishMove_019_2": {
      "__uuid__": "9d0d6893-02df-44da-b677-eb381f039f06"
    },
    "fishMove_019_3": {
      "__uuid__": "7bc68f62-d125-4963-9532-45f8b481d16c"
    },
    "fishMove_019_4": {
      "__uuid__": "cb834089-4eb5-4c1a-bdd4-78c3e0dd952e"
    },
    "fishMove_019_5": {
      "__uuid__": "26d15724-b128-489f-bf6e-dfa403b137fd"
    },
    "fishMove_019_6": {
      "__uuid__": "e3986e0b-ff26-417d-b8ac-e8b4f222159a"
    },
    "fishMove_019_7": {
      "__uuid__": "13149e3a-6021-4463-926f-52807f5e758d"
    },
    "fishMove_019_8": {
      "__uuid__": "1385a567-8bf8-4cab-aad7-dbf58d317bf4"
    },
    "fishMove_019_9": {
      "__uuid__": "78e4d968-4e84-4207-a695-af244d210801"
    },
    "fish_bomb_1": {
      "__uuid__": "fd1de07d-6896-4609-bd15-25f08b1d20ae"
    },
    "fish_bomb_2": {
      "__uuid__": "01909e61-a2b5-4dba-a986-83e2d9444b15"
    },
    "fish_king": {
      "__uuid__": "2b3558e4-a83e-49e0-8061-18a547bfc109"
    }
  }
}