{
  "__type__": "cc.SpriteAtlas",
  "_name": "bullet.plist",
  "_objFlags": 0,
  "_native": "",
  "_spriteFrames": {
    "bomb_0": {
      "__uuid__": "5a2643c7-604a-4bba-83bb-169da55032ff"
    },
    "bomb_1": {
      "__uuid__": "e3e0a1a8-028e-4d41-9ffd-b4ab628369ed"
    },
    "bomb_10": {
      "__uuid__": "51c374ee-32d2-476a-8856-bd9e20ca1fac"
    },
    "bomb_11": {
      "__uuid__": "7aeb428f-cca9-4164-a289-a8b39e49b666"
    },
    "bomb_12": {
      "__uuid__": "fc8d65bb-8ae2-4c35-a618-7cf74e617b92"
    },
    "bomb_13": {
      "__uuid__": "c4a2b545-fb15-432e-b4ce-4078eb6092aa"
    },
    "bomb_14": {
      "__uuid__": "6d359688-4b42-4a20-a229-8e1ae25388fd"
    },
    "bomb_2": {
      "__uuid__": "2ca0f20f-98bc-47b9-9142-b04afb686196"
    },
    "bomb_3": {
      "__uuid__": "cff617e9-0b8d-4cec-8d7b-4a9e24367c7b"
    },
    "bomb_4": {
      "__uuid__": "91d7b731-dde3-4ee7-b58f-0c01829eb531"
    },
    "bomb_5": {
      "__uuid__": "e08760e1-2ecc-4c2c-a7a8-91c28875b773"
    },
    "bomb_6": {
      "__uuid__": "99953edd-016d-4481-95a1-b8e5486058b0"
    },
    "bomb_7": {
      "__uuid__": "f67b9590-14a2-4339-9176-8d7cbd40d655"
    },
    "bomb_8": {
      "__uuid__": "3e9809ff-0729-4443-acac-f1edf4b28c01"
    },
    "bomb_9": {
      "__uuid__": "fcf08a41-3eb7-4714-a409-7a2ef34c486b"
    },
    "bullet_0": {
      "__uuid__": "f7965a04-8701-476a-ada0-25e65625ba79"
    },
    "bullet_1": {
      "__uuid__": "2c01c9fc-9bf6-4861-8811-7498eb14aa89"
    },
    "bullet_2": {
      "__uuid__": "7774a3d2-52f4-4125-8bf7-65cc60faf28d"
    },
    "bullet_3": {
      "__uuid__": "9c48c244-0cbb-4701-8e8c-28de51c0f98d"
    },
    "bullet_4": {
      "__uuid__": "8e3da3eb-070a-4e84-8d1a-ebe6d5e7ecb3"
    },
    "bullet_5": {
      "__uuid__": "cfcbee1e-12b0-417a-8f28-1767f39be168"
    },
    "bullet_6": {
      "__uuid__": "7b206193-5841-4086-866c-37074b83d2ef"
    },
    "bullet_7": {
      "__uuid__": "6ba87d11-19a7-4561-a4f0-303c113b1c29"
    },
    "bullet_8": {
      "__uuid__": "efd82222-05ba-43e2-a32a-8c7c7d579f63"
    },
    "bullet_9": {
      "__uuid__": "7d4a9af4-0061-4a99-b432-b9a7b927b07a"
    },
    "copper_coin_0": {
      "__uuid__": "32639de6-a8b5-4aea-9a16-5f2dd5adf107"
    },
    "copper_coin_1": {
      "__uuid__": "d20fc200-c5cd-41a0-a4bc-59340046e40e"
    },
    "copper_coin_2": {
      "__uuid__": "35203f19-dcd9-40ed-814c-de122eb73506"
    },
    "copper_coin_3": {
      "__uuid__": "630acf74-75f9-4174-87f2-5b6499673bc6"
    },
    "copper_coin_4": {
      "__uuid__": "019f9e10-f288-4f37-9918-701b84f742ba"
    },
    "copper_coin_5": {
      "__uuid__": "21173943-60ec-420d-b6a2-00653edaa34f"
    },
    "copper_coin_6": {
      "__uuid__": "b5a69c7f-f310-4b74-8142-161afd0ddaf4"
    },
    "copper_coin_7": {
      "__uuid__": "c314c903-55d0-4656-ae2e-d3e078bbb00f"
    },
    "copper_coin_8": {
      "__uuid__": "61a22539-e6a9-483a-9789-938e3d959afc"
    },
    "copper_coin_9": {
      "__uuid__": "ef469510-c09a-4e5f-9fe7-ff1a3a53c3f8"
    },
    "fort_0": {
      "__uuid__": "0a7213e1-1138-4250-b689-95fa4a57fbc9"
    },
    "fort_1": {
      "__uuid__": "ee07f32f-14e0-41b3-8cbf-d5e869f92fb1"
    },
    "fort_2": {
      "__uuid__": "de3f931f-7abc-480b-9261-95ead6663fe8"
    },
    "fort_3": {
      "__uuid__": "d86cea57-1391-48cf-a1f0-6c4e42be575c"
    },
    "fort_4": {
      "__uuid__": "0bcfde06-3815-4032-82fe-44cb7ac8ac94"
    },
    "fort_5": {
      "__uuid__": "0f07b10f-dbc9-4f2b-a0c9-b2d987d4f989"
    },
    "fort_light_0": {
      "__uuid__": "9f1eaebd-e9ac-40c2-8e61-cf3e68bde48d"
    },
    "fort_light_1": {
      "__uuid__": "020d2d57-e016-4874-8baf-31d04745ac1c"
    },
    "fort_light_2": {
      "__uuid__": "1162dce0-4393-4617-b637-4559645df1d3"
    },
    "fort_light_3": {
      "__uuid__": "3085d657-6279-4119-9498-7c661febecf5"
    },
    "fort_light_4": {
      "__uuid__": "b30187fa-441c-45cc-a358-7e68b1e5a4d8"
    },
    "fort_light_5": {
      "__uuid__": "e967b501-40f8-406b-80f4-4e86be386d8e"
    },
    "fortlight_0": {
      "__uuid__": "3b0d8675-e99c-4981-af1d-f747d469d898"
    },
    "fortlight_1": {
      "__uuid__": "19cd096b-b057-4968-a137-a127e8ef307c"
    },
    "fortlight_2": {
      "__uuid__": "dcbd6dd1-8736-474d-8a3a-b9e46848112b"
    },
    "fortlight_3": {
      "__uuid__": "9a2432ed-4787-43b2-bd56-a87612a401f5"
    },
    "gold_coin_0": {
      "__uuid__": "c8b9d400-6bd2-4f80-bd52-6bfd8b009406"
    },
    "gold_coin_1": {
      "__uuid__": "3a7af202-d84c-47ae-8918-5728f680c4cf"
    },
    "gold_coin_2": {
      "__uuid__": "da98604d-199a-44ac-8b02-c0483f247409"
    },
    "gold_coin_3": {
      "__uuid__": "8a2d2640-a441-4095-9b85-51451dcf315f"
    },
    "gold_coin_4": {
      "__uuid__": "ab511337-edf4-476b-a8f4-7e2a8ec81556"
    },
    "gold_coin_5": {
      "__uuid__": "04ddfe04-4ec5-4eab-ba68-a65f2f45957a"
    },
    "gold_coin_6": {
      "__uuid__": "8a88ba78-76c8-4e06-a886-5d0f843f7711"
    },
    "gold_coin_7": {
      "__uuid__": "62884e2e-892f-40cc-9a93-c1a8005ada40"
    },
    "gold_coin_8": {
      "__uuid__": "cde4fb62-2558-476f-8659-d798f7958548"
    },
    "gold_coin_9": {
      "__uuid__": "684d562d-156e-40fa-a056-cc16f462b25c"
    },
    "light": {
      "__uuid__": "8380152b-e3cb-4ac9-9b57-8fb54b1e3161"
    },
    "light_0": {
      "__uuid__": "0fdf2670-19df-4410-9dc3-ce50ee871812"
    },
    "light_1": {
      "__uuid__": "f8d9971e-879d-4565-9b99-a07a5bbe1065"
    },
    "light_10": {
      "__uuid__": "c8d6dd87-fd75-4241-b948-510cf78de467"
    },
    "light_11": {
      "__uuid__": "c9bd7601-bf96-4001-953f-b12dfb393188"
    },
    "light_12": {
      "__uuid__": "bad9f839-5dde-410b-8a7b-f88579ec0e1a"
    },
    "light_13": {
      "__uuid__": "4960d6b3-18d6-4de0-93e5-5746a8aa6a73"
    },
    "light_14": {
      "__uuid__": "4d64392f-199d-473c-9179-b784c6a22518"
    },
    "light_15": {
      "__uuid__": "0ed8b414-9e0a-4c2d-9143-d0b97469bd70"
    },
    "light_2": {
      "__uuid__": "6584268d-543c-48b4-abd7-83f695085c6a"
    },
    "light_3": {
      "__uuid__": "ace8aeb4-2d10-4e1e-bc71-4388136a9843"
    },
    "light_4": {
      "__uuid__": "89ef6c99-a321-4883-9be3-486a43ec346f"
    },
    "light_5": {
      "__uuid__": "3ac4d2a7-a57a-4ce9-a119-3add277c9ede"
    },
    "light_6": {
      "__uuid__": "e227b2da-d8eb-4d8d-909e-d98d1cc8725a"
    },
    "light_7": {
      "__uuid__": "544069e6-9158-4fb2-ac8a-f226ab9c8678"
    },
    "light_8": {
      "__uuid__": "65efb58e-ac3a-48a4-b6e1-403fc388b453"
    },
    "light_9": {
      "__uuid__": "9e3fd0de-8844-40b1-88c4-da7c9e6d8d3c"
    },
    "silver_coin_0": {
      "__uuid__": "017e51ed-c2c0-4da0-b062-b614504a893c"
    },
    "silver_coin_1": {
      "__uuid__": "e2369b0b-5a77-4a1c-923e-22103467d92d"
    },
    "silver_coin_2": {
      "__uuid__": "770f7b3a-9d9b-49a7-9bc2-fefc6faeaf6f"
    },
    "silver_coin_3": {
      "__uuid__": "15605925-238d-42f2-80d1-f1cc3f8f2d88"
    },
    "silver_coin_4": {
      "__uuid__": "452cadfe-dca6-4b78-94d7-049bbf890386"
    },
    "silver_coin_5": {
      "__uuid__": "6720ce6b-9887-455b-ab9a-854e40f698e5"
    },
    "silver_coin_6": {
      "__uuid__": "b3ef65e2-ca0a-4b8c-a9cd-b5c4b9132570"
    },
    "silver_coin_7": {
      "__uuid__": "1a6107a2-8fb3-4c55-89d9-224665b6c60a"
    },
    "silver_coin_8": {
      "__uuid__": "c1e2eec4-fcd1-45ef-abdc-fea739aaacec"
    },
    "silver_coin_9": {
      "__uuid__": "ee034d43-e123-4078-a34c-2a32eea4f9e9"
    }
  }
}