{
  "version": "1.1.1",
  "windows": {
    "main": {
      "main": true,
      "url": "app://editor/index.html",
      "windowType": "dockable",
      "x": -60,
      "y": 32,
      "width": 1710,
      "height": 1021,
      "layout": {
        "children": [
          {
            "children": [
              {
                "active": 0,
                "children": [
                  "hierarchy"
                ],
                "height": 451.109375,
                "type": "panel",
                "width": 204
              },
              {
                "active": 0,
                "children": [
                  "assets"
                ],
                "height": 447.109375,
                "type": "panel",
                "width": 204
              }
            ],
            "height": 900.21875,
            "type": "dock-v",
            "width": 204
          },
          {
            "children": [
              {
                "active": 0,
                "children": [
                  "scene"
                ],
                "height": 509.984375,
                "type": "panel",
                "width": 974.6875
              },
              {
                "active": 1,
                "children": [
                  "console",
                  "timeline"
                ],
                "height": 388.21875,
                "type": "panel",
                "width": 974.6875
              }
            ],
            "height": 900.21875,
            "type": "dock-v",
            "width": 974.6875
          },
          {
            "active": 0,
            "children": [
              "inspector",
              "node-library"
            ],
            "height": 900.21875,
            "type": "panel",
            "width": 511.3125
          }
        ],
        "type": "dock-h"
      },
      "panels": [
        "hierarchy",
        "assets",
        "console",
        "timeline",
        "inspector",
        "node-library",
        "scene"
      ]
    }
  },
  "panels": {
    "project-settings": {
      "x": 548,
      "y": 234,
      "width": 600,
      "height": 565
    },
    "builder": {
      "x": 627,
      "y": 140,
      "width": 670,
      "height": 739
    },
    "preferences": {
      "x": 442,
      "y": 249,
      "width": 600,
      "height": 565
    }
  }
}