{
  "f8e6b000-5643-4b86-9080-aa680ce1f599": {
    "asset": 1547005920474,
    "meta": 1543304680000,
    "relativePath": "image"
  },
  "e851e89b-faa2-4484-bea6-5c01dd9f06e2": {
    "asset": 1543304680000,
    "meta": 1547457355193,
    "relativePath": "image\\default_btn_normal.png"
  },
  "71561142-4c83-4933-afca-cb7a17f67053": {
    "asset": 1543304680000,
    "meta": 1547457355206,
    "relativePath": "image\\default_btn_disabled.png"
  },
  "b43ff3c2-02bb-4874-81f7-f2dea6970f18": {
    "asset": 1543304680000,
    "meta": 1547457355335,
    "relativePath": "image\\default_btn_pressed.png"
  },
  "edd215b9-2796-4a05-aaf5-81f96c9281ce": {
    "asset": 1543304680000,
    "meta": 1547457355325,
    "relativePath": "image\\default_editbox_bg.png"
  },
  "99170b0b-d210-46f1-b213-7d9e3f23098a": {
    "asset": 1543304680000,
    "meta": 1547457355453,
    "relativePath": "image\\default_progressbar_bg.png"
  },
  "d81ec8ad-247c-4e62-aa3c-d35c4193c7af": {
    "asset": 1543304680000,
    "meta": 1547457355445,
    "relativePath": "image\\default_panel.png"
  },
  "567dcd80-8bf4-4535-8a5a-313f1caf078a": {
    "asset": 1543304680000,
    "meta": 1547457355541,
    "relativePath": "image\\default_radio_button_off.png"
  },
  "cfef78f1-c8df-49b7-8ed0-4c953ace2621": {
    "asset": 1543304680000,
    "meta": 1547457355496,
    "relativePath": "image\\default_progressbar.png"
  },
  "4bab67cb-18e6-4099-b840-355f0473f890": {
    "asset": 1543304680000,
    "meta": 1547457355607,
    "relativePath": "image\\default_scrollbar_bg.png"
  },
  "9d60001f-b5f4-4726-a629-2659e3ded0b8": {
    "asset": 1543304680000,
    "meta": 1547457355582,
    "relativePath": "image\\default_radio_button_on.png"
  },
  "d6d3ca85-4681-47c1-b5dd-d036a9d39ea2": {
    "asset": 1543304680000,
    "meta": 1547457355654,
    "relativePath": "image\\default_scrollbar_vertical.png"
  },
  "617323dd-11f4-4dd3-8eec-0caf6b3b45b9": {
    "asset": 1543304680000,
    "meta": 1547457355663,
    "relativePath": "image\\default_scrollbar_vertical_bg.png"
  },
  "0275e94c-56a7-410f-bd1a-fc7483f7d14a": {
    "asset": 1543304680000,
    "meta": 1547457355710,
    "relativePath": "image\\default_sprite_splash.png"
  },
  "0291c134-b3da-4098-b7b5-e397edbe947f": {
    "asset": 1543304680000,
    "meta": 1547457355719,
    "relativePath": "image\\default_scrollbar.png"
  },
  "73a0903d-d80e-4e3c-aa67-f999543c08f5": {
    "asset": 1543304680000,
    "meta": 1547457355751,
    "relativePath": "image\\default_toggle_checkmark.png"
  },
  "6e056173-d285-473c-b206-40a7fff5386e": {
    "asset": 1543304680000,
    "meta": 1547457355785,
    "relativePath": "image\\default_sprite.png"
  },
  "d29077ba-1627-4a72-9579-7b56a235340c": {
    "asset": 1543304680000,
    "meta": 1547457355845,
    "relativePath": "image\\default_toggle_normal.png"
  },
  "c25b9d50-c8fc-4d27-beeb-6e7c1f2e5c0f": {
    "asset": 1543304680000,
    "meta": 1547457355823,
    "relativePath": "image\\default_toggle_disabled.png"
  },
  "fc09f9bd-2cce-4605-b630-8145ef809ed6": {
    "asset": 1547005871381,
    "meta": 1543304680000,
    "relativePath": "misc"
  },
  "b181c1e4-0a72-4a91-bfb0-ae6f36ca60bd": {
    "asset": 1543304680000,
    "meta": 1547457355920,
    "relativePath": "image\\default_toggle_pressed.png"
  },
  "2be36297-9abb-4fee-8049-9ed5e271da8a": {
    "asset": 1543304680000,
    "meta": 1547457355890,
    "relativePath": "misc\\default_video.mp4"
  },
  "f6e6dd15-71d1-4ffe-ace7-24fd39942c05": {
    "asset": 1547005920905,
    "meta": 1543304680000,
    "relativePath": "obsolete"
  },
  "f743d2b6-b7ea-4c14-a55b-547ed4d0a045": {
    "asset": 1547005920921,
    "meta": 1543304680000,
    "relativePath": "particle"
  },
  "b8223619-7e38-47c4-841f-9160c232495a": {
    "asset": 1543304680000,
    "meta": 1547457356510,
    "relativePath": "obsolete\\atom.plist"
  },
  "b2687ac4-099e-403c-a192-ff477686f4f5": {
    "asset": 1543304680000,
    "meta": 1547457356500,
    "relativePath": "particle\\atom.plist"
  },
  "8a96b965-2dc0-4e03-aa90-3b79cb93b5b4": {
    "asset": 1543304680000,
    "meta": 1547457355986,
    "relativePath": "obsolete\\atom.png"
  },
  "d0a82d39-bede-46c4-b698-c81ff0dedfff": {
    "asset": 1543304680000,
    "meta": 1547457355964,
    "relativePath": "particle\\atom.png"
  },
  "ae6c6c98-11e4-452f-8758-75f5c6a56e83": {
    "asset": 1547005920491,
    "meta": 1543304680000,
    "relativePath": "prefab"
  },
  "972b9a4d-47ee-4c74-b5c3-61d8a69bc29f": {
    "asset": 1543304680000,
    "meta": 1547457356006,
    "relativePath": "prefab\\button.prefab"
  },
  "2c937608-2562-40ea-b264-7395df6f0cea": {
    "asset": 1543304680000,
    "meta": 1547457356031,
    "relativePath": "prefab\\canvas.prefab"
  },
  "61aeb05b-3b32-452b-8eed-2b76deeed554": {
    "asset": 1543304680000,
    "meta": 1547457356054,
    "relativePath": "prefab\\editbox.prefab"
  },
  "27756ebb-3d33-44b0-9b96-e858fadd4dd4": {
    "asset": 1543304680000,
    "meta": 1547457356073,
    "relativePath": "prefab\\label.prefab"
  },
  "785a442c-3ceb-45be-a46e-7317f625f3b9": {
    "asset": 1543304680000,
    "meta": 1547457356080,
    "relativePath": "prefab\\layout.prefab"
  },
  "ca8401fe-ad6e-41a8-bd46-8e3e4e9945be": {
    "asset": 1543304680000,
    "meta": 1547457356108,
    "relativePath": "prefab\\pageview.prefab"
  },
  "cd33edea-55f5-46c2-958d-357a01384a36": {
    "asset": 1543304680000,
    "meta": 1547457356125,
    "relativePath": "prefab\\particlesystem.prefab"
  },
  "5965ffac-69da-4b55-bcde-9225d0613c28": {
    "asset": 1543304680000,
    "meta": 1547457356147,
    "relativePath": "prefab\\progressBar.prefab"
  },
  "4a37dd57-78cd-4cec-aad4-f11a73d12b63": {
    "asset": 1543304680000,
    "meta": 1547457356187,
    "relativePath": "prefab\\richtext.prefab"
  },
  "32044bd2-481f-4cf1-a656-e2b2fb1594eb": {
    "asset": 1543304680000,
    "meta": 1547457356179,
    "relativePath": "prefab\\scrollview.prefab"
  },
  "0004d1cf-a0ad-47d8-ab17-34d3db9d35a3": {
    "asset": 1543304680000,
    "meta": 1547457356210,
    "relativePath": "prefab\\slider.prefab"
  },
  "1f55e3be-b89b-4b79-88de-47fd31018044": {
    "asset": 1543304680000,
    "meta": 1547457356218,
    "relativePath": "prefab\\sprite_splash.prefab"
  },
  "96083d03-c332-4a3f-9386-d03e2d19e8ee": {
    "asset": 1543304680000,
    "meta": 1547457356250,
    "relativePath": "prefab\\sprite.prefab"
  },
  "7de03a80-4457-438d-95a7-3e7cdffd6086": {
    "asset": 1543304680000,
    "meta": 1547457356257,
    "relativePath": "prefab\\tiledmap.prefab"
  },
  "0e42ba95-1fa1-46aa-b2cf-143cd1bcee2c": {
    "asset": 1543304680000,
    "meta": 1547457356303,
    "relativePath": "prefab\\tiledtile.prefab"
  },
  "0d784963-d024-4ea6-a7db-03be0ad63010": {
    "asset": 1543304680000,
    "meta": 1547457356290,
    "relativePath": "prefab\\toggle.prefab"
  },
  "bf0a434c-84dd-4a8e-a08a-7a36f180cc75": {
    "asset": 1543304680000,
    "meta": 1547457356342,
    "relativePath": "prefab\\toggleContainer.prefab"
  },
  "d1b8be49-b0a0-435c-83b7-552bed4bbe35": {
    "asset": 1543304680000,
    "meta": 1547457356350,
    "relativePath": "prefab\\toggleGroup.prefab"
  },
  "232d2782-c4bd-4bb4-9e01-909f03d6d3b9": {
    "asset": 1543304680000,
    "meta": 1547457356423,
    "relativePath": "prefab\\videoplayer.prefab"
  },
  "8c5001fd-07ee-4a4b-a8a0-63e15195e94d": {
    "asset": 1543304680000,
    "meta": 1547457356431,
    "relativePath": "prefab\\webview.prefab"
  },
  "90dd6d25-63d5-45a2-a062-59e2331d7c7a": {
    "asset": 1547269951432,
    "meta": 1547263820614,
    "relativePath": "res"
  },
  "17500e4c-f418-489b-a671-b4b0f2f7ee06": {
    "asset": 1547263842053,
    "meta": 1547263824915,
    "relativePath": "scenes"
  },
  "9e173a89-87a6-4906-8f32-93c6321b228c": {
    "asset": 1547269143062,
    "meta": 1547263830186,
    "relativePath": "scripts"
  },
  "33575bfd-b28e-42d8-83f2-71ad96e4db4b": {
    "asset": 1547270558423,
    "meta": 1547270558450,
    "relativePath": "scenes\\game_scene.fire"
  },
  "f48c3bcb-6fa3-4c71-bf34-34fb5b56e989": {
    "asset": 1489118698573,
    "meta": 1547263884586,
    "relativePath": "res\\bullet.plist"
  },
  "18899d78-2733-443b-a90a-1c5cf56cb318": {
    "asset": 1489118698789,
    "meta": 1547263884081,
    "relativePath": "res\\bullet.png"
  },
  "5f488c17-f9f1-421f-94e4-27eb84575a0d": {
    "asset": 1489118701677,
    "meta": 1547264207379,
    "relativePath": "res\\game_bg_2.png"
  },
  "276e139c-02c6-44d6-9ca9-3625ae141358": {
    "asset": 1547457425723,
    "meta": 1547457425765,
    "relativePath": "res\\fish_road.anim"
  },
  "0b494e9e-71c5-40b3-a341-6db500ce7304": {
    "asset": 1489118643079,
    "meta": 1547264839218,
    "relativePath": "res\\fish_move1.plist"
  },
  "0087c631-7eb6-4459-bc88-f7f46a1fc070": {
    "asset": 1489118643243,
    "meta": 1547264838073,
    "relativePath": "res\\fish_move1.png"
  },
  "0fd27be5-843f-43a2-a299-0e115744bec4": {
    "asset": 1493466672777,
    "meta": 1547264957822,
    "relativePath": "scripts\\frame_anim.js"
  },
  "bf709dd9-a3d5-4893-a506-49fb359b0013": {
    "asset": 1547269056338,
    "meta": 1547269056361,
    "relativePath": "res\\bullet.prefab"
  },
  "8c93ce21-751b-4438-975a-073cc1d71ad2": {
    "asset": 1547267947654,
    "meta": 1547267948280,
    "relativePath": "scripts\\fish_map.js"
  },
  "4534d467-814f-4fce-a6a4-17e43038208c": {
    "asset": 1505883273448,
    "meta": 1547269143126,
    "relativePath": "scripts\\enable_collider.js"
  },
  "fbfef29d-de6c-43c1-ba65-3ef7c07f91f3": {
    "asset": 1547269529453,
    "meta": 1547269530065,
    "relativePath": "scripts\\bullet.js"
  },
  "b5ee30b3-6612-4582-b7a0-cab6d0c41999": {
    "asset": 1547269577547,
    "meta": 1547269578221,
    "relativePath": "scripts\\nav_agent.js"
  },
  "b85f6bfb-ccac-4fca-a20e-358386551b53": {
    "asset": 1547269621377,
    "meta": 1547269622130,
    "relativePath": "scripts\\cannon.js"
  },
  "69f7e251-2c62-4b59-9376-64b600d64a4e": {
    "asset": 1489118715368,
    "meta": 1547269929173,
    "relativePath": "res\\MUSIC_BACK_03.mp3"
  },
  "5c102b94-4688-4d0f-b13f-ec1dba4611b0": {
    "asset": 1489118715090,
    "meta": 1547269951465,
    "relativePath": "res\\MUSIC_BACK_01.mp3"
  }
}