{
  "__type__": "cc.AnimationClip",
  "_name": "fish_road",
  "_objFlags": 0,
  "_native": "",
  "_duration": 0.3333333333333333,
  "sample": 60,
  "speed": 1,
  "wrapMode": 1,
  "curveData": {
    "paths": {
      "road0": {
        "props": {
          "position": [
            {
              "frame": 0,
              "value": [
                -714,
                0
              ],
              "motionPath": [
                [
                  3,
                  136,
                  -341,
                  136,
                  374,
                  136
                ]
              ]
            },
            {
              "frame": 0.3333333333333333,
              "value": [
                717,
                0
              ],
              "motionPath": []
            }
          ]
        }
      },
      "road1": {
        "props": {
          "position": [
            {
              "frame": 0,
              "value": [
                -714,
                0
              ],
              "motionPath": [
                [
                  20,
                  -21,
                  -341,
                  -2,
                  362,
                  -40
                ]
              ]
            },
            {
              "frame": 0.3333333333333333,
              "value": [
                694,
                -76
              ],
              "motionPath": []
            }
          ]
        }
      },
      "road2": {
        "props": {
          "position": [
            {
              "frame": 0,
              "value": [
                721,
                0
              ],
              "motionPath": [
                [
                  45,
                  152,
                  372,
                  152,
                  -352,
                  152
                ]
              ]
            },
            {
              "frame": 0.3333333333333333,
              "value": [
                -740,
                0
              ],
              "motionPath": []
            }
          ]
        }
      }
    }
  },
  "events": []
}